Index,Keyword,Tweets
,,
0,FROZEN 2 was,I saw Moana Frozen Goonies Romeo Juliet except called Star Wars
,,
1,FROZEN 2 was,Listen sing `` Into Unknown '' It perfect fun
,,
2,FROZEN 2 was,Still happy good Frozen
,,
3,FROZEN 2 was,Into The Unknown best song frozen arguments arrangement inspired https/
,,
4,FROZEN 2 was,The Frozen recap probably favorite thing record either film Somewhere longer version scene tha
,,
5,FROZEN 2 was,If frozen dance movie
,,
6,FROZEN 2 was,Into The Unknown best song frozen arguments arrangement inspired https/
,,
7,FROZEN 2 was,Into The Unknown best song frozen arguments arrangement inspired https/
,,
8,FROZEN 2 was,Into The Unknown best song frozen arguments arrangement inspired https/
,,
9,FROZEN 2 was,I watched frozen amazing well done making amazing congrats mak
,,
10,FROZEN 2 was,Into The Unknown best song frozen arguments arrangement inspired https/
,,
11,FROZEN 2 was,Summerner 2 cornac adventurer frozen death cryomancer Infinite Dungeon
,,
12,FROZEN 2 was,Into The Unknown best song frozen arguments arrangement inspired https/
,,
13,FROZEN 2 was,Jaehwan Frozen cover better movie
,,
14,FROZEN 2 was,I fan Toy story movies Bawled like baby Everytime I watch But guess I
,,
15,FROZEN 2 was,Stop saying gave trailer n't k views If frozen days It CB
,,
16,FROZEN 2 was,If frozen dance movie
,,
17,FROZEN 2 was,Into The Unknown best song frozen arguments arrangement inspired https/
,,
18,FROZEN 2 was,Literally entirety frozen movie I made fuckinf comment looked like A
,,
19,FROZEN 2 was,If frozen dance movie
,,
20,FROZEN 2 was,Into The Unknown best song frozen arguments arrangement inspired https/
,,
21,FROZEN 2 was,Into The Unknown best song frozen arguments arrangement inspired https/
,,
22,FROZEN 2 was,Into The Unknown best song frozen arguments arrangement inspired https/
,,
23,FROZEN 2 was,If frozen dance movie
,,
24,FROZEN 2 was,Into The Unknown best song frozen arguments arrangement inspired https/
,,
25,FROZEN 2 was,Into The Unknown best song frozen arguments arrangement inspired https/
,,
26,FROZEN 2 was,Into The Unknown best song frozen arguments arrangement inspired https/
,,
27,FROZEN 2 was,Into The Unknown best song frozen arguments arrangement inspired https/
,,
28,FROZEN 2 was,I saw Moana Frozen Goonies Romeo Juliet except called Star Wars
,,
29,FROZEN 2 was,oh shit think supposed like uhhh frozen 2019
,,
30,FROZEN 2 was,Into The Unknown best song frozen arguments arrangement inspired https/
,,
31,FROZEN 2 was,I 've seen that.. I watched Frozen I fell asleep watching though I 'm already grown-up could I
,,
32,FROZEN 2 was,I saw Moana Frozen Goonies Romeo Juliet except called Star Wars
,,
33,FROZEN 2 was,Thought frozen chicken breast
,,
34,FROZEN 2 was,Thought frozen chicken breast
,,
35,FROZEN 2 was,Into The Unknown best song frozen arguments arrangement inspired https/
,,
36,FROZEN 2 was,Thought frozen chicken breast
,,
37,FROZEN 2 was,Into The Unknown best song frozen arguments arrangement inspired https/
,,
38,FROZEN 2 was,Into The Unknown best song frozen arguments arrangement inspired https/
,,
39,FROZEN 2 was,Into The Unknown best song frozen arguments arrangement inspired https/
,,
40,FROZEN 2 was,Thought frozen chicken breast
,,
41,FROZEN 2 was,If frozen dance movie
,,
42,FROZEN 2 was,Into The Unknown best song frozen arguments arrangement inspired https/
,,
43,FROZEN 2 was,They n't remake order though waiting half hours.. It turned
,,
44,FROZEN 2 was,If frozen dance movie
,,
45,FROZEN 2 was,Into The Unknown best song frozen arguments arrangement inspired https/
,,
46,FROZEN 2 was,The Frozen recap probably favorite thing record either film Somewhere longer version scene tha
,,
47,FROZEN 2 was,Into The Unknown best song frozen arguments arrangement inspired https/
,,
48,FROZEN 2 was,My favorite movies decade I ca n't Remember Names Good movies Because I Two k
,,
49,FROZEN 2 was,Into The Unknown best song frozen arguments arrangement inspired https/
,,
0,3 idiots,This idiots among
,,
1,3 idiots,Or least case TLJ audiences idiots n't appreciate -dimensional takes chara
,,
2,3 idiots,When deal Idiots results Remember DemoRats much cheer last year
,,
3,3 idiots,I hear There perception right-wing science-denying idiots I arrested
,,
4,3 idiots,Do n't let people like get Dad 3 're idiots n't deserve precious time
,,
5,3 idiots,Indians Idiots seeked foreign interferences
,,
6,3 idiots,
,,
7,3 idiots,idiots straight outta compton real quick
,,
8,3 idiots,Mary Christmas us idiots // Bite Size Theology Extended Edition No.21 Merry Christmas Edition
,,
9,3 idiots,Mary Christmas us idiots // Bite Size Theology Extended Edition No.21 Merry Christmas Edition
,,
10,3 idiots,Where idiots Khans conscious awake already secure citizenship like Akshay
,,
11,3 idiots,Microsoft Xbox exec meeting Idiot We smashed tune console actual exclusives Idio
,,
12,3 idiots,The intellectual dwarfs amp categories people tweet/retweets wanted TL Crusaders Follower
,,
13,3 idiots,years tories created fukin mess couldnae sort .. youve given em free hand .to whatever li
,,
14,3 idiots,The Democrats corrupt immoral people right run country Bi
,,
15,3 idiots,The intellectual dwarfs amp categories people tweet/retweets wanted TL Crusaders Follower
,,
16,3 idiots,Shiff Nadler rehearsing years All seem rely
,,
17,3 idiots,Yes Idiots vulgar film well Pissing outside Principal house using vacuum cleaner etc
,,
18,3 idiots,I wish idiots scene real ...
,,
19,3 idiots,A pessimist sees dark tunnel An optimist sees light end tunnel realist sees freight train T
,,
20,3 idiots,It actually amazes many people think Impeachment means trump longer president.. He removed f
,,
21,3 idiots,Indians Idiots seeked foreign interferences
,,
22,3 idiots,Indians Idiots seeked foreign interferences
,,
23,3 idiots,The Labour party bigger MPs .It powerful movement Yes idiots moment w
,,
24,3 idiots,Indians Idiots seeked foreign interferences
,,
25,3 idiots,According kind Rajma sarkaar 's precious bhakts People protesting idiots UN also w
,,
26,3 idiots,Indians Idiots seeked foreign interferences
,,
27,3 idiots,Indians Idiots seeked foreign interferences
,,
28,3 idiots,Indians Idiots seeked foreign interferences
,,
29,3 idiots,Till date asim never nominated fir bhi idiots saying back stabbed
,,
30,3 idiots,Indians Idiots seeked foreign interferences
,,
31,3 idiots,Forget I present Gypsy legged reindeer Yes owners idiots love
,,
32,3 idiots,Indians Idiots seeked foreign interferences
,,
33,3 idiots,idiots Mi India u promised -4 days delivery order still movement Any
,,
34,3 idiots,idiots dreams
,,
35,3 idiots,Abe ye idiots wala wo chu*** h jao firse project banake Lao
,,
36,3 idiots,medical students ... .all trying talk someone asleep like idiots
,,
37,3 idiots,Have I mentioned much I hate idiots post weeks I hrs shift
,,
38,3 idiots,Nothing keeps going like movie I always watch remind I best
,,
39,3 idiots,Indians Idiots seeked foreign interferences
,,
40,3 idiots,Indians Idiots seeked foreign interferences
,,
41,3 idiots,Indians Idiots seeked foreign interferences
,,
42,3 idiots,All well I cant believe I watched idiots What masterpiece Idiot
,,
43,3 idiots,Indians Idiots seeked foreign interferences
,,
44,3 idiots,Indians Idiots seeked foreign interferences
,,
45,3 idiots,Indians Idiots seeked foreign interferences
,,
46,3 idiots,I leave quote Ranchoddas Shamaldas Chanchad Idiots gem Hindi movie
,,
47,3 idiots,Something give yet English working class fell card trick daughters
,,
48,3 idiots,Negative people Trend Negative things .. IGNORE THEM They idiots like idol We spread
,,
49,3 idiots,After idiots film speaks strongly important education subject
,,
0,begin again,Supreme 's Opened Superb Reviews amp Word mouth Audience
,,
1,begin again,I know article fake ass tries jumping I moving way fall Then
,,
2,begin again,Supreme 's Opened Superb Reviews amp Word mouth Audience
,,
3,begin again,Failure opportunity begin intelligently
,,
4,begin again,Supreme 's Opened Superb Reviews amp Word mouth Audience
,,
5,begin again,Supreme 's Opened Superb Reviews amp Word mouth Audience
,,
6,begin again,No better way deal insanity world right watching Andrzej Zulawski 's insanity film P
,,
7,begin again,Supreme 's Opened Superb Reviews amp Word mouth Audience
,,
8,begin again,"Top Male idols solo songs Gaon Chen Beautiful Goodbye ,663,752 Kyungsoo -That 's Okay ,738,984 Chen"
,,
9,begin again,Happy Holiday 's everyone last day offices open January th Programs begin
,,
10,begin again,Playing league means always I get put bronze begin arduous job climbing back fuck
,,
11,begin again,Supreme 's Opened Superb Reviews amp Word mouth Audience
,,
12,begin again,Supreme 's Opened Superb Reviews amp Word mouth Audience
,,
13,begin again,Supreme 's Opened Superb Reviews amp Word mouth Audience
,,
14,begin again,I know article fake ass tries jumping I moving way fall Then
,,
15,begin again,Supreme 's Opened Superb Reviews amp Word mouth Audience
,,
16,begin again,Supreme 's Opened Superb Reviews amp Word mouth Audience
,,
17,begin again,Supreme 's Opened Superb Reviews amp Word mouth Audience
,,
18,begin again,TBH called protests lacked backbone since began last friday It never momentum begin It w
,,
19,begin again,Supreme Sai Dharam Tej 's Opened Superb Reviews amp Word mouth Audience Director Maruth
,,
20,begin again,Hate begin Donald Trump end But defining moment nation history A mome
,,
21,begin again,TBH called protests lacked backbone since began last friday It never momentum begin It w
,,
22,begin again,"Top Male idols solo songs Gaon Chen Beautiful Goodbye ,663,752 Kyungsoo -That 's Okay ,738,984 Chen"
,,
23,begin again,Wow superb news KK Congratulations featuring year Forbes India list yet AGAIN.. What fantastic wa
,,
24,begin again,I know article fake ass tries jumping I moving way fall Then
,,
25,begin again,Won reading ET E C even close keyboard Also I serious doubts
,,
26,begin again,Taylor Swift Begin Again RT amp follow like song
,,
27,begin again,Supreme 's Opened Superb Reviews amp Word mouth Audience
,,
28,begin again,NEW As preparations Brexit begin looks might store NHS social care ht
,,
29,begin again,Failure simply opportunity begin time intelligently SHOIYEN ForGUESSPH
,,
30,begin again,I know article fake ass tries jumping I moving way fall Then
,,
31,begin again,Look making You 've got You Take deep breath ... begin
,,
32,begin again,teaching heart flowers gone open cold Good night good people Be kind curious
,,
33,begin again,Someone told go Begin Again They said would absolutely love invited love
,,
34,begin again,NEW As preparations Brexit begin looks might store NHS social care ht
,,
35,begin again,ending tragic refuse ever begin
,,
36,begin again,Supreme 's Opened Superb Reviews amp Word mouth Audience
,,
37,begin again,I know article fake ass tries jumping I moving way fall Then
,,
38,begin again,Supreme 's Opened Superb Reviews amp Word mouth Audience
,,
39,begin again,Despite whatever always begin
,,
40,begin again,I miss days Neither mine get home Christmas That begin compare missing tho
,,
41,begin again,Supreme 's Opened Superb Reviews amp Word mouth Audience
,,
42,begin again,Supreme 's Opened Superb Reviews amp Word mouth Audience
,,
43,begin again,Supreme 's Opened Superb Reviews amp Word mouth Audience
,,
44,begin again,It time year companies begin close early festive season need us Fi
,,
45,begin again,`` And fast begin 're ''
,,
46,begin again,Supreme 's Opened Superb Reviews amp Word mouth Audience
,,
47,begin again,Supreme 's Opened Superb Reviews amp Word mouth Audience
,,
48,begin again,Try One good El Ni Midwest sm
,,
49,begin again,annnd shootings begin
,,
50,begin again,Despicable begin describe You never given opportunit
,,
51,begin again,Some early clouds give way mainly sunny skies afternoon Chilly today High Weather rema
,,
52,begin again,When days short really matter sunrise sunset occurs Sunday
,,
53,begin again,If Bojo gives pride n't much proud begin
,,
54,begin again,Supreme 's Opened Superb Reviews amp Word mouth Audience
,,
55,begin again,Begin Again Jikook au Wherein met dating app feelings change continue talk e
,,
56,begin again,Supreme 's Opened Superb Reviews amp Word mouth Audience
,,
57,begin again,Man started drawing aseprite begin making design oc way easier j
,,
58,begin again,Begin Again Jikook au Wherein met dating app feelings change continue talk e
,,
59,begin again,Supreme 's Opened Superb Reviews amp Word mouth Audience
,,
60,begin again,Failure simply opportunity begin time intelligently Henry Ford December 00PM
,,
61,begin again,`` No matter hard past always begin ''
,,
62,begin again,Supreme 's Opened Superb Reviews amp Word mouth Audience
,,
63,begin again,The world made fail recover begin
,,
64,begin again,Supreme 's Opened Superb Reviews amp Word mouth Audience
,,
65,begin again,`` 'Begin Again got bad relationship finally dust start dating '' Taylor Swift
,,
66,begin again,Supreme 's Opened Superb Reviews amp Word mouth Audience
,,
67,begin again,Supreme 's Opened Superb Reviews amp Word mouth Audience
,,
68,begin again,Supreme 's Opened Superb Reviews amp Word mouth Audience
,,
69,begin again,Supreme 's Opened Superb Reviews amp Word mouth Audience
,,
70,begin again,No matter hard past You always begin Reason
,,
71,begin again,today When begin save main category
,,
72,begin again,It bible app The devotional called Always begin
,,
73,begin again,`` You begin think competing amp vision success gets little sharper ''
,,
74,begin again,Thank even begin cover We incredible time seeing guys past months T
,,
75,begin again,Begin Again Jikook au Wherein met dating app feelings change continue ta
,,
76,begin again,"Top Male idols solo songs Gaon Chen Beautiful Goodbye ,663,752 Kyungsoo -That 's Okay ,738,984 Chen"
,,
77,begin again,Supreme 's Opened Superb Reviews amp Word mouth Audience
,,
78,begin again,Supreme 's Opened Superb Reviews amp Word mouth Audience
,,
79,begin again,"Top Male idols solo songs Gaon Chen Beautiful Goodbye ,663,752 Kyungsoo -That 's Okay ,738,984 Chen"
,,
80,begin again,We always begin
,,
81,begin again,Supreme 's Opened Superb Reviews amp Word mouth Audience
,,
82,begin again,"Top Male idols solo songs Gaon Chen Beautiful Goodbye ,663,752 Kyungsoo -That 's Okay ,738,984 Chen"
,,
83,begin again,Thank Voting begin soon
,,
84,begin again,The I Thought You 'd Be Beyond My Imagination But Then I Think Again You Are Way Beyond My Imagination Award giv
,,
85,begin again,`` Trains move quickly To journey 's end Destinations Are begin '' Josh Groban Believe North amp South
,,
86,begin again,"Top Male idols solo songs Gaon Chen Beautiful Goodbye ,663,752 Kyungsoo -That 's Okay ,738,984 Chen"
,,
87,begin again,Supreme 's Opened Superb Reviews amp Word mouth Audience
,,
88,begin again,Supreme 's Opened Superb Reviews amp Word mouth Audience
,,
89,begin again,Supreme Sai Dharam Tej 's Opened Superb Reviews amp Word mouth Audience Director Maruth
,,
90,begin again,Supreme 's Opened Superb Reviews amp Word mouth Audience
,,
91,begin again,You got go back got ta go back got ta go back time To Bethlehem To begin Bethle
,,
92,begin again,ending tragic refuse ever begin
,,
93,begin again,Supreme 's Opened Superb Reviews amp Word mouth Audience
,,
94,begin again,Hello dear friend Charis Thank great 's gray cold Yes Christmas coming soon
,,
95,begin again,They 've crushed soon begin eating Trump victorious He support
,,
96,begin again,Supreme 's Opened Superb Reviews amp Word mouth Audience
,,
97,begin again,"Top Male idols solo songs Gaon Chen Beautiful Goodbye ,663,752 Kyungsoo -That 's Okay ,738,984 Chen"
,,
98,begin again,Supreme 's Opened Superb Reviews amp Word mouth Audience
,,
99,begin again,Thank Voting begin soon
,,
0,Endgame,endgame watched day
,,
1,Endgame,oscar isaac reading finnpoe n't endgame
,,
2,Endgame,Blue monday Avengers endgame ver
,,
3,Endgame,Low-key imagine like year two post endgame movies Like showing wha
,,
4,Endgame,And next years get movie Avengers Endgame read James Cameron
,,
5,Endgame,oscar isaac reading finnpoe n't endgame
,,
6,Endgame,Tom Hiddleston Avengers Endgame
,,
7,Endgame,Tom Hiddleston Avengers Endgame
,,
8,Endgame,Tom Hiddleston Avengers Endgame
,,
9,Endgame,James Cameron believes top
,,
10,Endgame,EPISODE ENDGAME The Time Has Come The Plan Is In Place Can The Teams Work Together To Save The World https
,,
11,Endgame,brought 44M- 48M domestically Thursday night The third best preview night ever behind Aveng
,,
12,Endgame,Tom Hiddleston Avengers Endgame
,,
13,Endgame,brought 44M- 48M domestically Thursday night The third best preview night ever behind Aveng
,,
14,Endgame,Audiences reaction seeing scene Tony Stark snapping finger Avengers Endgame
,,
15,Endgame,one friends panic attack theatre endgame bc connected tony since start
,,
16,Endgame,The reason many parallels endgame mcu movies lazy chore
,,
17,Endgame,Robert Downey Jr Rallies Avengers Endgame Fans Beat James Cameron Avatar Record
,,
18,Endgame,Avengers Endgame Director Is Trying Not Focus Falling Short Avatar Box Office Record
,,
19,Endgame,Disney feeding us gays year Unnamed gay character Endgame AND Unnamed lesbians A/B I feel represented
,,
20,Endgame,Avengers Endgame 's A-Force moment originally *very* different
,,
21,Endgame,True even Endgame biggest box office movie world k audience reviews
,,
22,Endgame,lol funny could never tell also ship rini account let go
,,
23,Endgame,I queasy feeling thing happened Endgame going happen Star Wars
,,
24,Endgame,Avengers Endgame 's A-Force moment originally *very* different
,,
25,Endgame,Tom Hiddleston Avengers Endgame
,,
26,Endgame,argue think endgame best scene eye think scene rogue one holds much franchise
,,
27,Endgame,Tom Hiddleston Avengers Endgame
,,
28,Endgame,realistic..endgame build people grew story wanted see ends
,,
29,Endgame,James Cameron believes top
,,
30,Endgame,James Cameron Thinks It 's A 'Certainty That 'Avatar Will Break 'Endgame Box Office Record
,,
31,Endgame,gave goosebumps We really getting close endgame
,,
32,Endgame,AVENGERS ENDGAME `` A-Force '' Scene Was Originally Going To Be Very Different
,,
33,Endgame,Can blame Disney Cameron already sequels long Disney bou
,,
34,Endgame,Tom Hiddleston Avengers Endgame
,,
35,Endgame,James Cameron thinks 's `` certainty '' break box office records https//
,,
36,Endgame,maybe kill tony stark endgame ... ...
,,
37,Endgame,Tom Hiddleston Avengers Endgame
,,
38,Endgame,Star wars Wait WTF It like one fetch quest another ... But anything dealing Palpatine seemed force
,,
39,Endgame,Spoiler Like I truly didnt give shit endgame characters love adam driver
,,
40,Endgame,Wrath Cata prime times well I 'm enjoying legit good classic filling tho
,,
41,Endgame,Tom Hiddleston Avengers Endgame
,,
42,Endgame,I remember posted radar amp endgame POTUS said something special guests Enlar
,,
43,Endgame,whether bellarke endgame officially written paper feeling
,,
44,Endgame,The atmosphere scene makes one favourite scenes cinema last decade Up
,,
45,Endgame,James Cameron thinks 'Avatar reclaim box office record 'Endgame 's inevitably re-released
,,
46,Endgame,Tom Hiddleston Avengers Endgame
,,
47,Endgame,The Democrats brings Communist Lewis real endgame Communism
,,
48,Endgame,If ever dye hair bubblegum blue ...
,,
49,Endgame,Tom Hiddleston Avengers Endgame
,,
50,Endgame,Do realize care ... realize hard get endgame gear leveled accessories yet
,,
51,Endgame,brought 44M- 48M domestically Thursday night The third best preview night ever behind Aveng
,,
52,Endgame,Tom Hiddleston Avengers Endgame
,,
53,Endgame,I mean Endgame really good job ending This one I sure say
,,
54,Endgame,Good vibes dmc v psycho pass dr stone demon slayer got A result learned philosophy
,,
55,Endgame,Audiences reaction seeing scene Tony Stark snapping finger Avengers Endgame
,,
56,Endgame,Tom Hiddleston Avengers Endgame
,,
57,Endgame,I n't wan na say hahahahahahaha Mej bitter ako parts Obvious na 're trying tie loose
,,
58,Endgame,Ahhh Brexit speeches ... Missed At least endgame sorts sight time though
,,
59,Endgame,James Cameron thinks 'Avatar reclaim box office record 'Endgame 's inevitably re-released
,,
60,Endgame,Tom Hiddleston Avengers Endgame
,,
61,Endgame,Tom Hiddleston Avengers Endgame
,,
62,Endgame,Yo I need someone also eerience scrims tunnel rotate smartly frag endgame
,,
63,Endgame,positives -reylo endgame -they lovely kiss -bendemption happened beautiful -he died died
,,
64,Endgame,Tom Hiddleston Avengers Endgame
,,
65,Endgame,care endgame got way worse
,,
66,Endgame,Tom Hiddleston Avengers Endgame
,,
67,Endgame,Yeah I hard time getting invested intricate details movie profits popularity Either
,,
68,Endgame,What Avatar cinema exactly Endgame n't The story
,,
69,Endgame,Tom Hiddleston Avengers Endgame
,,
70,Endgame,Tom Hiddleston Avengers Endgame
,,
71,Endgame,Tom Hiddleston Avengers Endgame
,,
72,Endgame,Everyone saying Optimus Prime one remembers Cap speech Winter Soldier Endgame
,,
73,Endgame,I think I witnessed Endgame second time Star Wars logo
,,
74,Endgame,ashlynn big red probably endgame believe put gingers together
,,
75,Endgame,`` Peggy never forgot '' Full screenplay
,,
76,Endgame,Tom Hiddleston Avengers Endgame
,,
77,Endgame,I read spoilers battle Thanos Endgame sounded stupid taken
,,
78,Endgame,Endgame Daniel Cole
,,
79,Endgame,endgame tony stark villain saved world
,,
80,Endgame,Tom Hiddleston Avengers Endgame
,,
81,Endgame,They realise Phil This endgame Social media big data AI combined
,,
82,Endgame,Yo Disney thought could make Endgame slap Star Wars logo
,,
83,Endgame,Fortnite dr guy please find solution getting sleep night big tournament cau
,,
84,Endgame,really TROS x better endgame The fact action packed kept good pace
,,
85,Endgame,And come stay internet bullshit I see Avengers Infinity War weeks b
,,
86,Endgame,Day Favourite Superhero 's Couple I 'm gon na go MJ Peter After dealing everything fro
,,
87,Endgame,Tom Hiddleston Avengers Endgame
,,
88,Endgame,Wow A mention queer lover Endgame queer onscreen kiss Star Wars *GASP* Maybe Disney
,,
89,Endgame,Well wo n't take much go past point The new movie wo n't come close origi
,,
90,Endgame,I 'm fan avatar ca n't wait others cry avatar2 crosses endgame
,,
91,Endgame,brought 44M- 48M domestically Thursday night The third best preview night ever behind Aveng
,,
92,Endgame,Tom Hiddleston Avengers Endgame
,,
93,Endgame,Tom Hiddleston Avengers Endgame
,,
94,Endgame,Audiences reaction seeing scene Tony Stark snapping finger Avengers Endgame
,,
95,Endgame,My movies year Rocketman Endgame Joker Once Upon Time Hollywood Rise Skywalker D
,,
96,Endgame,`` Peggy never forgot '' Full screenplay
,,
97,Endgame,My endgame
,,
98,Endgame,I 've mastered endgame Discover secret
,,
99,Endgame,'Endgame My fan art The Binding Isaac An awesome Indie game talented duo
,,
0,harry potter,Hey 're severely disappointed Rowling really really liked Harry Potter please watch Little Witch Academia
1,harry potter,The Percy Jackson universe deserved support Harry Potter series got every bigoted piece shit JK Rowling spews
2,harry potter,Harry Potter Grossly Outdated Viewpoints Marginalized Group People Who Seek Only Most Basic Human Right
3,harry potter,'ve collectively decided hatsune miku wrote harry potter n't
4,harry potter,Ca n't believe Emma Watson wrote Harry Potter
5,harry potter,`` dumbledore gay way n't matter '' `` harry potter cop '' `` fucked snake voldemort used milk
6,harry potter,Nah fam That ai n't Hatsune Miku would never write franchise slavery okay pure blood cool w
7,harry potter,Ca n't believe Emma Watson wrote Harry Potter
8,harry potter,Ca n't believe Emma Watson wrote Harry Potter
9,harry potter,glad never got harry potter literally ever find favorite chil
10,harry potter,`` dumbledore gay way n't matter '' `` harry potter cop '' `` fucked snake voldemort used milk
11,harry potter,Hatsune Miku creator Harry Potter Minecraft
12,harry potter,Mark hit Mark Harry Potter jerked background
13,harry potter,Hatsune Miku writing `` Harry Potter Philosopher 's Stone '' free time highschool library 1997 colorized h
14,harry potter,Ca n't believe Emma Watson wrote Harry Potter
15,harry potter,Harry Potter fans still part fandom support JKR Stop Going To Pottermore Stop Buy
16,harry potter,Ca n't believe Emma Watson wrote Harry Potter
17,harry potter,Mark nominated idol seems like Slytherin Harry Potter Top votes receive hearts
18,harry potter,imagine living alternate universe percy jackson series got support deserved instead
19,harry potter,Ca n't believe Emma Watson wrote Harry Potter
20,harry potter,Ca n't believe Emma Watson wrote Harry Potter
21,harry potter,Harry Potter fans still part fandom support JKR Stop Going To Pottermore Stop Buy
22,harry potter,Harry Potter Classist Written transphobe Annoying The Worst Witch Badass Featuring Tim Curry FEATURING TIM CURRY ht
23,harry potter,Hey 're severely disappointed Rowling really really liked Harry Potter please watch Little Witch Academia
24,harry potter,Ca n't believe Emma Watson wrote Harry Potter
25,harry potter,Instead Harry Potter watch Little Witch Academia
26,harry potter,Harry Potter always part life ... ... Trans Lives matter
27,harry potter,difference miku `` inventing minecraft '' `` writing harry potter '' notch longer benefits minecraft
28,harry potter,Hey 're severely disappointed Rowling really really liked Harry Potter please watch Little Witch Academia
29,harry potter,Ca n't believe Emma Watson wrote Harry Potter
30,harry potter,impeach jk rowling author harry potter like idk
31,harry potter,Harry Potter fans still part fandom support JKR Stop Going To Pottermore Stop Buy
32,harry potter,Ca n't believe Emma Watson wrote Harry Potter
33,harry potter,Ca n't believe Emma Watson wrote Harry Potter
34,harry potter,Qais Khazali everyone calling early elections American croony Sistani call early elections Qais K
35,harry potter,Ca n't believe Emma Watson wrote Harry Potter
36,harry potter,I asked Vladimir Putin `` In past Boris Johnson called ruthless tyrant compared Dobby elf Harry
37,harry potter,`` dumbledore gay way n't matter '' `` harry potter cop '' `` fucked snake voldemort used milk
38,harry potter,Harry Potter Wine Cave Fundraiser
39,harry potter,Hey 're severely disappointed Rowling really really liked Harry Potter please watch Little Witch Academia
40,harry potter,Hatsune Miku creator Minecraft author Harry Potter vs aged single day ha
41,harry potter,Ca n't believe Emma Watson wrote Harry Potter
42,harry potter,Hatsune Miku writing `` Harry Potter Philosopher 's Stone '' free time highschool library 1997 colorized h
43,harry potter,Instead Harry Potter watch Little Witch Academia
44,harry potter,Ca n't believe Emma Watson wrote Harry Potter
45,harry potter,Ca n't believe Emma Watson wrote Harry Potter
46,harry potter,It 's transphobia Can also talk JK Rowling 's anti-Semitic goblins In Harry Potter greedy hook-nose
47,harry potter,Ca n't believe Emma Watson wrote Harry Potter
48,harry potter,Nah fam That ai n't Hatsune Miku would never write franchise slavery okay pure blood cool w
49,harry potter,`` dumbledore gay way n't matter '' `` harry potter cop '' `` fucked snake voldemort used milk
50,harry potter,Hatsune Miku creator Harry Potter Minecraft
51,harry potter,Harry Potter book raised It made want writer made love reader JKR terf
52,harry potter,Nah fam That ai n't Hatsune Miku would never write franchise slavery okay pure blood cool w
53,harry potter,Ca n't believe Emma Watson wrote Harry Potter
54,harry potter,Like Harry Potter Terry Pratchett 's Discworld series fantasy series real world themes stories messages
55,harry potter,Ca n't believe Emma Watson wrote Harry Potter
56,harry potter,Instead Harry Potter watch Little Witch Academia
57,harry potter,I ca n't believe Hermione literally willed Harry Potter books existence author creator
58,harry potter,'ve seen lot past h guys JK might huge dingus defending basically transphobia bu
59,harry potter,Hatsune Miku writing `` Harry Potter Philosopher 's Stone '' free time highschool library 1997 colorized h
60,harry potter,Friendly reminder author Harry Potter might TERF author Animorphs ironically previ
61,harry potter,harry potter shitty book series noticeable flaws let 's attach miku
62,harry potter,JK Rowling wrote Harry Potter 's becoming clear 's never actually read
63,harry potter,Hatsune Miku writing `` Harry Potter Philosopher 's Stone '' free time highschool library 1997 colorized h
64,harry potter,Ca n't believe Emma Watson wrote Harry Potter
65,harry potter,impeach jk rowling author harry potter like idk
66,harry potter,Fuck You Fuck YOU Hatsune Miku Emma Watson wrote Harry Potter Not crusty
67,harry potter,'ve collectively decided hatsune miku wrote harry potter n't
68,harry potter,A Reminder Harry Potter ip thoroughly outgrown creator ca n't tell second Hermione woul
69,harry potter,Harry Potter fans
70,harry potter,Listen I wanted laugh liking Harry Potter SO LONG I finally bittersweet
71,harry potter,THE HARRY POTTER CAST ARE STILL FRIENDS AFTER A DECADE NOBODY IS DOING IT LIKE THEM
72,harry potter,I 've never read Harry Potter..only done Disney shit cool ... shit inside thre
73,harry potter,Ca n't believe Emma Watson wrote Harry Potter
74,harry potter,`` dumbledore gay way n't matter '' `` harry potter cop '' `` fucked snake voldemort used milk
75,harry potter,LGBTIQ+ community rightfully claiming Harry Potter pretending JK Rowling nothing bc
76,harry potter,Harry Potter getting cancelled JK Rowling spoke truth biological reality sex said No lie
77,harry potter,Ca n't believe Emma Watson wrote Harry Potter
78,harry potter,Ca n't believe Emma Watson wrote Harry Potter
79,harry potter,difference miku `` inventing minecraft '' `` writing harry potter '' notch longer benefits minecraft
80,harry potter,Ca n't believe Emma Watson wrote Harry Potter
81,harry potter,Instead Harry Potter watch Little Witch Academia
82,harry potter,Hatsune Miku writing `` Harry Potter Philosopher 's Stone '' free time highschool library 1997 colorized h
83,harry potter,Ca n't believe Emma Watson wrote Harry Potter
84,harry potter,Ca n't believe Emma Watson wrote Harry Potter
85,harry potter,I seen black people Witcher two episodes LOTR Trilogy Hobbit Trilogy Game T
86,harry potter,Hatsune Miku creator Harry Potter Minecraft
87,harry potter,Ca n't believe Emma Watson wrote Harry Potter
88,harry potter,honestly heartbroken right knew likes want believe
89,harry potter,Nah fam That ai n't Hatsune Miku would never write franchise slavery okay pure blood cool w
90,harry potter,personagens de harry potter respondendo tweet da J.K. thread
91,harry potter,Hey 're severely disappointed Rowling really really liked Harry Potter please watch Little Witch Academia
92,harry potter,Hey 're severely disappointed Rowling really really liked Harry Potter please watch Little Witch Academia
93,harry potter,Hey 're severely disappointed Rowling really really liked Harry Potter please watch Little Witch Academia
94,harry potter,And heartbroken trans Harry Potter fans Remember Hagrid said outed half-giant I
95,harry potter,I 'm happy never liked harry potter much otherwise would even disappointed disgusting tr
96,harry potter,Hey 're severely disappointed Rowling really really liked Harry Potter please watch Little Witch Academia
97,harry potter,The Percy Jackson universe deserved support Harry Potter series got every bigoted piece shit JK Rowling spews
98,harry potter,Hey 're severely disappointed Rowling really really liked Harry Potter please watch Little Witch Academia
99,harry potter,I n't think greatest anyway Once got protection editor 's late
,,
0,Inception,Christopher Nolan begin every decade mind-fuck feature film Memento Inception Tenet http
,,
1,Inception,tenet inception dunkirk interstellar christopher nolan legend
,,
2,Inception,Christopher Nolan begin every decade mind-fuck feature film Memento Inception Tenet http
,,
3,Inception,Memento Inception Christopher Nolan kicking another decade banger
,,
4,Inception,way chris nolan starts memento inception tenet
,,
5,Inception,Christopher Nolan begin every decade mind-fuck feature film Memento Inception Tenet http
,,
6,Inception,Christopher Nolan begin every decade mind-fuck feature film Memento Inception Tenet http
,,
7,Inception,Everyone thought Inception hard understand probably watching trailer like
,,
8,Inception,ImageNet accuracy year 33 AlexNet 63 Five Base Five HiRes 45 VGG-19 88 I
,,
9,Inception,Interstellar Inception The Martian Avatar Gravity prometheus Gattaca Arrival Edge tomorrow
,,
10,Inception,Christopher Nolan begin every decade mind-fuck feature film Memento Inception Tenet http
,,
11,Inception,Inception Not prayer
,,
12,Inception,QUOTE `` Thortspace may first idea attempt redefine Buzan mind mapping approach since inception ''
,,
13,Inception,Now fact Since unfortunate inception Nigeria certain phenomenon constant Northern H
,,
14,Inception,As someone taken part years since inception I say maybe put pitchforks chill
,,
15,Inception,`` That test passed everybody ... Welcome afterlife '' Anjeeeeeennnnggggggggg ini film premisnya
,,
16,Inception,Christopher Nolan begin every decade mind-fuck feature film Memento Inception Tenet http
,,
17,Inception,Christopher Nolan begin every decade mind-fuck feature film Memento Inception Tenet http
,,
18,Inception,Memento Inception Christopher Nolan kicking another decade banger
,,
19,Inception,Christopher Nolan begin every decade mind-fuck feature film Memento Inception Tenet http
,,
20,Inception,Just watched Tenet trailer looks like Inception another movie I wo n't understand
,,
21,Inception,Since Inception one best films ever made I ok
,,
22,Inception,Plus Tenet trailer huh What Watched Inception last night honour
,,
23,Inception,Everyone thought Inception hard understand probably watching trailer like
,,
24,Inception,To mark weeks since passing nsif trustee Gary Rhodes today remembering blog We feel
,,
25,Inception,inception 2010 directed christopher nolan heard of/watched need watch rn cool af l
,,
26,Inception,Best movies genre Inception Drive Django Unchained The Wolf Wall St
,,
27,Inception,You ca n't think impossible idea like INCEPTION Nolan Hold Beer There comes Masterpiece https
,,
28,Inception,Batman Power Inception Reality Interstellar Space Tenet Time things confirmed Nolan T
,,
29,Inception,Christopher Nolan begin every decade mind-fuck feature film Memento Inception Tenet http
,,
30,Inception,Memento Inception Christopher Nolan kicking another decade banger
,,
31,Inception,Christopher Nolan begin every decade mind-fuck feature film Memento Inception Tenet http
,,
32,Inception,Nolan made Dunkirk win awards ... The fuck smoking Also Inception sci-fi/thriller made 830M HELLO ht
,,
33,Inception,Christopher Nolan begin every decade mind-fuck feature film Memento Inception Tenet http
,,
34,Inception,Christopher Nolan begin every decade mind-fuck feature film Memento Inception Tenet http
,,
35,Inception,assure wont NRC dust settles CAA initiated NRC
,,
36,Inception,Christopher Nolan begin every decade mind-fuck feature film Memento Inception Tenet http
,,
37,Inception,Christopher Nolan begin every decade mind-fuck feature film Memento Inception Tenet http
,,
38,Inception,Christopher Nolan begin every decade mind-fuck feature film Memento Inception Tenet http
,,
39,Inception,Christopher Nolan begin every decade mind-fuck feature film Memento Inception Tenet http
,,
40,Inception,Batman Power Inception Reality Interstellar Space Tenet Time things confirmed Nolan T
,,
41,Inception,Christopher Nolan begin every decade mind-fuck feature film Memento Inception Tenet http
,,
42,Inception,Inception Dark Knight Rises Django Unchained Wolf Wall Street
,,
43,Inception,Inception intouchables
,,
44,Inception,You ca n't think impossible idea like INCEPTION Nolan Hold Beer There comes Masterpiece https
,,
45,Inception,arthur inception
,,
46,Inception,I think looks great giving strong Inception Mk II vibes
,,
47,Inception,Hell yes I never forgive politicians decided children deserve grow
,,
48,Inception,As someone taken part years since inception I say maybe put pitchforks chill
,,
49,Inception,tenet inception dunkirk interstellar christopher nolan legend
,,
50,Inception,Leonardo DiCaprio Actor decade Inception Shutter Island Djando Unchained The Great Gatsby The
,,
51,Inception,Christopher Nolan loves start decade bang Memento Inception Tenet
,,
52,Inception,Christopher Nolan begin every decade mind-fuck feature film Memento Inception Tenet http
,,
53,Inception,PSA using buyer merchant buying receiving crypto currencies aware
,,
54,Inception,As someone taken part years since inception I say maybe put pitchforks chill
,,
55,Inception,LMFAO Announcing twitter hiatus lame Announcing 're breaking twitter hiatus lame inception
,,
56,Inception,Christopher Nolan begin every decade mind-fuck feature film Memento Inception Tenet http
,,
57,Inception,Christopher Nolan begin every decade mind-fuck feature film Memento Inception Tenet http
,,
58,Inception,Christopher Nolan begin every decade mind-fuck feature film Memento Inception Tenet http
,,
59,Inception,Memento Inception Christopher Nolan kicking another decade banger
,,
60,Inception,tenet inception dunkirk interstellar christopher nolan legend
,,
61,Inception,inception
,,
62,Inception,Christopher Nolan begin every decade mind-fuck feature film Memento Inception Tenet http
,,
63,Inception,Christopher Nolan begin every decade mind-fuck feature film Memento Inception Tenet http
,,
64,Inception,Christopher Nolan begin every decade mind-fuck feature film Memento Inception Tenet http
,,
65,Inception,Inception kinda Type
,,
66,Inception,'Inception Christopher Nolan
,,
67,Inception,We agree Tenet Inception universe
,,
68,Inception,Christopher Nolan begin every decade mind-fuck feature film Memento Inception Tenet http
,,
69,Inception,Christopher Nolan begin every decade mind-fuck feature film Memento Inception Tenet http
,,
70,Inception,I see protests impeachment feel sad Not I support Trump Because verified
,,
71,Inception,tenet inception dunkirk interstellar christopher nolan legend
,,
72,Inception,Test Today Profit pips winning trades p
,,
73,Inception,Biggest story world right shhh well elained As Sy Hersh knew CIA boss
,,
74,Inception,Christopher Nolan begin every decade mind-fuck feature film Memento Inception Tenet http
,,
75,Inception,Batman Power Inception Reality Interstellar Space Tenet Time things confirmed Nolan T
,,
76,Inception,Christopher Nolan begin every decade mind-fuck feature film Memento Inception Tenet http
,,
77,Inception,tenet inception dunkirk interstellar christopher nolan legend
,,
78,Inception,This seems like mixture previous films Nolan made Dark gritty like Dark knight trilogy Mind boggl
,,
79,Inception,Christopher Nolan begin every decade mind-fuck feature film Memento Inception Tenet http
,,
80,Inception,U must never saw trailer another one movies Inception
,,
81,Inception,tenet inception dunkirk interstellar christopher nolan legend
,,
82,Inception,Christopher Nolan begin every decade mind-fuck feature film Memento Inception Tenet http
,,
83,Inception,As someone taken part years since inception I say maybe put pitchforks chill
,,
84,Inception,COMING SOON Our behind scenes documentary 's inception world record signing
,,
85,Inception,Best movies genre Inception Drive Django Unchained The Wolf Wall St
,,
86,Inception,Now fact Since unfortunate inception Nigeria certain phenomenon constant Northern H
,,
87,Inception,Christopher Nolan begin every decade mind-fuck feature film Memento Inception Tenet http
,,
88,Inception,Christopher Nolan begin every decade mind-fuck feature film Memento Inception Tenet http
,,
89,Inception,Christopher Nolan begin every decade mind-fuck feature film Memento Inception Tenet http
,,
90,Inception,way chris nolan starts memento inception tenet
,,
91,Inception,Christopher Nolan begin every decade mind-fuck feature film Memento Inception Tenet http
,,
92,Inception,Christopher Nolan begin every decade mind-fuck feature film Memento Inception Tenet http
,,
93,Inception,Memento Inception Christopher Nolan kicking another decade banger
,,
94,Inception,Batman Power Inception Reality Interstellar Space Tenet Time things confirmed Nolan T
,,
95,Inception,Batman Power Inception Reality Interstellar Space Tenet Time things confirmed Nolan T
,,
96,Inception,tenet inception dunkirk interstellar christopher nolan legend
,,
97,Inception,I idea 's happening Tenet trailer I likely watching film I think I 've finall
,,
98,Inception,Christopher Nolan begin every decade mind-fuck feature film Memento Inception Tenet http
,,
99,Inception,Nolan made Dunkirk win awards ... The fuck smoking Also Inception sci-fi/thriller made 830M HELLO ht
,,
0,The great gatsby,#NAME?
,,
1,The great gatsby,#NAME?
,,
2,The great gatsby,The Great Gatsby The YSL Season Welcome Party Christmas Ball feature following talented performers Jo
,,
3,The great gatsby,The Great Gatsby The YSL Season Welcome Party Christmas Ball feature following talented performers Jo
,,
4,The great gatsby,rewatching Great Gatsby
,,
5,The great gatsby,Leonardo DiCaprio Actor decade Inception Shutter Island Djando Unchained The Great Gatsby The
,,
6,The great gatsby,`` omg love reading classics '' classics 've read Hamlet The Picture Dorian Gray Sherlock Holmes The Great Gatsby
,,
7,The great gatsby,The Great Gatsby The YSL Season Welcome Party Christmas Ball feature following talented performers Jo
,,
8,The great gatsby,Beyonc really presented The Formation World Tour THX quality audio recorded cameras used films
,,
9,The great gatsby,The Great Gatsby The YSL Season Welcome Party Christmas Ball feature following talented performers Jo
,,
10,The great gatsby,The Great Gatsby The YSL Season Welcome Party Christmas Ball feature following talented performers
,,
11,The great gatsby,`` Caracas become like something The Great Gatsby said Karina Gonz lez young secretary looked
,,
12,The great gatsby,'m watching great gatsby 'd like say th time always fuck daisy
,,
13,The great gatsby,I said something like seeing certain adaptation THE GREAT GATSBY I prepa
,,
14,The great gatsby,SLSMonkey Bar- enjoying Great Gatsby vibe Christmas almost
,,
15,The great gatsby,finally got books ordered little life great gatsby hunchback notre dame brothers karamazov
,,
16,The great gatsby,`` She feeling pressure world outside wanted see feel presence beside reass
,,
17,The great gatsby,Leonardo DiCaprio Actor decade Inception Shutter Island Djando Unchained The Great Gatsby The
,,
18,The great gatsby,The Great Gatsby
,,
19,The great gatsby,I fuzzy head morning But thanks fantastic evening 'Great Gatsby
,,
0,The Great Gatsby,The Great Gatsby The YSL Season Welcome Party Christmas Ball feature following talented performers Jo
,,
1,The Great Gatsby,#NAME?
,,
2,The Great Gatsby,#NAME?
,,
3,The Great Gatsby,The Great Gatsby The YSL Season Welcome Party Christmas Ball feature following talented performers Jo
,,
4,The Great Gatsby,The Great Gatsby The YSL Season Welcome Party Christmas Ball feature following talented performers Jo
,,
5,The Great Gatsby,rewatching Great Gatsby
,,
6,The Great Gatsby,Leonardo DiCaprio Actor decade Inception Shutter Island Djando Unchained The Great Gatsby The
,,
7,The Great Gatsby,`` omg love reading classics '' classics 've read Hamlet The Picture Dorian Gray Sherlock Holmes The Great Gatsby
,,
8,The Great Gatsby,The Great Gatsby The YSL Season Welcome Party Christmas Ball feature following talented performers Jo
,,
9,The Great Gatsby,Beyonc really presented The Formation World Tour THX quality audio recorded cameras used films
,,
10,The Great Gatsby,The Great Gatsby The YSL Season Welcome Party Christmas Ball feature following talented performers Jo
,,
11,The Great Gatsby,The Great Gatsby The YSL Season Welcome Party Christmas Ball feature following talented performers
,,
12,The Great Gatsby,`` Caracas become like something The Great Gatsby said Karina Gonz lez young secretary looked
,,
13,The Great Gatsby,'m watching great gatsby 'd like say th time always fuck daisy
,,
14,The Great Gatsby,I said something like seeing certain adaptation THE GREAT GATSBY I prepa
,,
15,The Great Gatsby,SLSMonkey Bar- enjoying Great Gatsby vibe Christmas almost
,,
16,The Great Gatsby,finally got books ordered little life great gatsby hunchback notre dame brothers karamazov
,,
17,The Great Gatsby,`` She feeling pressure world outside wanted see feel presence beside reass
,,
18,The Great Gatsby,Leonardo DiCaprio Actor decade Inception Shutter Island Djando Unchained The Great Gatsby The
,,
19,The Great Gatsby,The Great Gatsby
,,
20,The Great Gatsby,I fuzzy head morning But thanks fantastic evening 'Great Gatsby
,,
21,The Great Gatsby,I 've put book cuz I mad good prose reading G
,,
22,The Great Gatsby,`` She feeling pressure world outside wanted see feel presence beside reass
,,
23,The Great Gatsby,`` She feeling pressure world outside wanted see feel presence beside reass
,,
24,The Great Gatsby,`` She feeling pressure world outside wanted see feel presence beside reass
,,
25,The Great Gatsby,`` She feeling pressure world outside wanted see feel presence beside reass
,,
26,The Great Gatsby,The Great Gatsby
,,
27,The Great Gatsby,`` She feeling pressure world outside wanted see feel presence beside reass
,,
28,The Great Gatsby,The Great Gatsby
,,
29,The Great Gatsby,Ever watched Great Gatsby Niggas always niggate
,,
30,The Great Gatsby,like inverse read great gatsby kinda gay ca n't get right di
,,
31,The Great Gatsby,Leonardo DiCaprio Actor decade Inception Shutter Island Djando Unchained The Great Gatsby The
,,
32,The Great Gatsby,`` She feeling pressure world outside wanted see feel presence beside reass
,,
33,The Great Gatsby,`` She feeling pressure world outside wanted see feel presence beside reass
,,
34,The Great Gatsby,`` She feeling pressure world outside wanted see feel presence beside reass
,,
35,The Great Gatsby,`` She feeling pressure world outside wanted see feel presence beside reass
,,
36,The Great Gatsby,`` Caracas become like something The Great Gatsby said Karina Gonz lez young secretary looked
,,
37,The Great Gatsby,It brought mind F Scott Fitzgerald writer understood decadent parties prefigure soci
,,
38,The Great Gatsby,Leonardo DiCaprio Actor decade Inception Shutter Island Djando Unchained The Great Gatsby The
,,
39,The Great Gatsby,Did I judge The Great Gatsby No
,,
40,The Great Gatsby,The great gatsby Indeed
,,
41,The Great Gatsby,`` She feeling pressure world outside wanted see feel presence beside reass
,,
42,The Great Gatsby,Great Gatsby la reine des neiges mais
,,
43,The Great Gatsby,`` She feeling pressure world outside wanted see feel presence beside reass
,,
44,The Great Gatsby,Arrived morning 's lesson meeting lovely Yr students watching The Great Gatsby
,,
45,The Great Gatsby,A Magnificent New Year Party Flyer The Great Gatsby style red background
,,
46,The Great Gatsby,`` She feeling pressure world outside wanted see feel presence beside reass
,,
47,The Great Gatsby,A Magnificent New Year Party Flyer The Great Gatsby style red background
,,
48,The Great Gatsby,great gatsby
,,
49,The Great Gatsby,This brilliant piece starts Great Gatsby-esque scenes well dressed wine tasters gazing smok
,,
50,The Great Gatsby,`` And end humans drunk idea love love could heal brokenness '' F. Scott
,,
51,The Great Gatsby,'m watching great gatsby 'd like say th time always fuck daisy
,,
52,The Great Gatsby,Jack White `` Love Is Blindness '' The Great Gatsby Soundtrack Official ... via So Jack White mood
,,
53,The Great Gatsby,Proud ya boi Maybe instead hanging Great Gatsby swells
,,
54,The Great Gatsby,`` She feeling pressure world outside wanted see feel presence beside reass
,,
55,The Great Gatsby,still n't understand great gatsby
,,
56,The Great Gatsby,Probably The Great Gatsby said catch
,,
57,The Great Gatsby,`` She feeling pressure world outside wanted see feel presence beside reass
,,
58,The Great Gatsby,`` She feeling pressure world outside wanted see feel presence beside reass
,,
59,The Great Gatsby,Uploaded Great Gatsby SOW powerpoint thing Got lot folk Twitter I started teaching Gatsby stu
,,
60,The Great Gatsby,`` She feeling pressure world outside wanted see feel presence beside reass
,,
61,The Great Gatsby,The Great Gatsby still makes cry much
,,
62,The Great Gatsby,Some beautiful writing Great Gatsby present moment party party well tr
,,
63,The Great Gatsby,'m watching great gatsby 'd like say th time always fuck daisy
,,
64,The Great Gatsby,This fucking ridiculous ... Income inequality -year high fundraiser looks like sce
,,
65,The Great Gatsby,Proud ya boi Maybe instead hanging Great Gatsby swel
,,
66,The Great Gatsby,The Great Gatsby
,,
67,The Great Gatsby,rlly wan na watch great gatsby rlly wan na pay
,,
68,The Great Gatsby,`` She feeling pressure world outside wanted see feel presence beside reass
,,
69,The Great Gatsby,The Great Gatsby
,,
70,The Great Gatsby,So decided go Speakeasy tonight drink kicker entrance hidden amp I 've never poop b
,,
71,The Great Gatsby,mi favorite great gatsby
,,
72,The Great Gatsby,Leonardo DiCaprio Actor decade Inception Shutter Island Djando Unchained The Great Gatsby The
,,
73,The Great Gatsby,`` She feeling pressure world outside wanted see feel presence beside reass
,,
74,The Great Gatsby,`` And end humans drunk idea love love could heal brokenness '' F. Scott
,,
75,The Great Gatsby,So decided go Speakeasy tonight drink kicker entrance hidden amp I 've never poop b
,,
76,The Great Gatsby,`` And end humans drunk idea love love could heal brokenness '' F. Scott
,,
0,Bird Box,bird box
,,
1,Bird Box,Tomorrow see box left 're early bird But ... If see bag
,,
2,Bird Box,I saw Owl peeking wooden box made Oak saw less Spoke less sp
,,
3,Bird Box,Princess Pocahontas amp Flit hummingbird bird river bend boat Canoe paddle Walt Disney Hallmark Cards Christmas
,,
4,Bird Box,Set Hang Together Sylvester cat amp Tweety Bird Hallmark ornament Looney Tunes amp Box living room Christmas tree di
,,
5,Bird Box,Peek-a-Boo Looney Tunes cartoon adventures Sylvester amp Tweety bird cat Hallmark Ornament amp Box Christmas tr
,,
6,Bird Box,Snowy white Owl bird perch tree branch Hallmark Keepsake Xmas ornament Vintage amp box Harry Potter book cha
,,
7,Bird Box,I saw Owl peeking wooden box made Oak saw less Spoke less sp
,,
8,Bird Box,Bird box happening silence dont breath
,,
9,Bird Box,Bird Box rage time last year
,,
10,Bird Box,He bird box eyes fr
,,
11,Bird Box,I saw Owl peeking wooden box made Oak saw less Spoke less sp
,,
12,Bird Box,I saw Owl peeking wooden box made Oak saw less Spoke less sp
,,
13,Bird Box,My aunt really talking shit quiet place saying bird box came first ... ... first came
,,
14,Bird Box,Bird box
,,
15,Bird Box,I saw Owl peeking wooden box made Oak saw less Spoke less sp
,,
16,Bird Box,I saw Owl peeking wooden box made Oak saw less Spoke less sp
,,
17,Bird Box,It seems whatever everyone seeing bird box movie
,,
18,Bird Box,I saw Owl peeking wooden box made Oak saw less Spoke less sp
,,
19,Bird Box,Bird box ka ghOrl
,,
20,Bird Box,I saw Owl peeking wooden box made Oak saw less Spoke less sp
,,
21,Bird Box,Ready bird box midsommar
,,
22,Bird Box,Bird box
,,
23,Bird Box,Bird box mist n't breathe hush lights flu train busan world war z orphan
,,
24,Bird Box,bird box
,,
25,Bird Box,Y remember bird box
,,
26,Bird Box,NW Bird Box
,,
27,Bird Box,bird box
,,
28,Bird Box,Hush bird box
,,
29,Bird Box,Bird box
,,
30,Bird Box,n't breathe bird box
,,
31,Bird Box,bird box
,,
32,Bird Box,Excited share latest addition shop Jewelry Box Bird Lover Keepsake Box Home Decor Trinket Box https
,,
33,Bird Box,Bird box n't breathe
,,
34,Bird Box,Ahh bird box
,,
35,Bird Box,Bird box
,,
36,Bird Box,bird box dont breathe
,,
37,Bird Box,Excited share latest addition shop Jewelry Box Bird Lover Keepsake Box Home Decor Trinket Box https
,,
38,Bird Box,bird box
,,
39,Bird Box,Bird box
,,
40,Bird Box,Have read Cabin At End World That similar feel Bird Box
,,
41,Bird Box,I want try thrillers I start I n't think I want read detective domestic thrillers I
,,
42,Bird Box,bird box lang ang trip
,,
43,Bird Box,bird box n't breath
,,
44,Bird Box,Bird box
,,
45,Bird Box,Fit Box Office Bird killed Nat Goodlad remain
,,
46,Bird Box,Fit Box Office Bird killed Nat Goodlad remain
,,
47,Bird Box,omg bird box terrifying hate aura
,,
48,Bird Box,hello ryujin 'm ros uh idk recommend yoy netflix movie last
,,
49,Bird Box,oh ini quiet place kepikirannya bird box
